{
  "route": [
    7,
    2,
    12,
    3,
    8,
    9,
    14,
    6,
    4,
    13,
    10,
    5,
    0,
    11,
    1
  ],
  "cost": 389.14227371176105,
  "computation_time": 0.0004200935363769531,
  "iterations": 135,
  "annealing_type": "quantum"
}