{
  "route": [
    9,
    2,
    12,
    11,
    1,
    7,
    8,
    3,
    0,
    14,
    6,
    4,
    5,
    10,
    13
  ],
  "cost": 328.27283284664395,
  "computation_time": 0.0004298686981201172,
  "iterations": 135,
  "annealing_type": "simulated"
}